{
  "job_id": 2,
  "samples": 2000000,
  "bounds": "((-1, 1), (-1, 1))",
  "result": -0.00045622196031526593,
  "error": 0.00021158786217388297,
  "computation_time": 3.859658718109131,
  "timestamp": "2025-06-14T19:46:30.153994"
}