{
  "job_id": 2,
  "samples": 2000000,
  "bounds": "((-1, 1), (-1, 1))",
  "result": -0.00045622196031526593,
  "error": 0.00021158786217388297,
  "computation_time": 3.764178991317749,
  "timestamp": "2025-06-10T19:06:32.961262"
}