{
  "job_id": 2,
  "samples": 2000000,
  "bounds": "((-1, 1), (-1, 1))",
  "result": -0.00045622196031526593,
  "error": 0.00021158786217388297,
  "computation_time": 3.719944477081299,
  "timestamp": "2025-06-13T16:14:45.972969"
}