{
  "job_id": 1,
  "samples": 2000000,
  "bounds": "((-1, 1), (-1, 1))",
  "result": -0.0003903636585556018,
  "error": 0.00021149033844021687,
  "computation_time": 3.714658260345459,
  "timestamp": "2025-06-13T17:23:00.818742"
}